"","PersonID","FirstName","ZIP","Phone","LastName"
"63",1,"Jaylen",10006,"646-376-4466","Christensen"
"20",2,"Reynaldo",11223,"646-382-3431","Harris"
"311",3,"Yandel",10099,"718-510-6575","Franklin"
"183",4,"Lia",11230,"718-664-9574","Short"
"52",5,"Cael",10026,"646-623-7673","Glover"
"867",6,"Patrick",11222,"917-284-5780","Hodge"
"12",7,"Jaqueline",10106,"347-409-5439","Ewing"
"10",8,"Darren",10120,"212-220-3311","Burns"
"139",9,"Rigoberto",11358,"212-537-6720","Mayo"
"28",10,"Aliya",11366,"917-613-6421","Hoffman"
"154",11,"Luna",10006,"718-771-3686","Martinez"
"288",12,"Angelique",11413,"917-252-3830","Oliver"
"114",13,"Melvin",10304,"212-836-6512","Buckner"
"231",14,"Jeramiah",11221,"646-228-5446","Potts"
"275",15,"Owen",10453,"212-476-4876","Noble"
"624",16,"Dayana",10170,"347-385-1742","Kidd"
"103",17,"Gemma",10069,"646-768-1792","Donovan"
"296",18,"Jack",11218,"646-522-7235","Bruce"
"330",19,"Salvador",10028,"347-276-8948","Emerson"
"85",20,"Reed",10168,"646-547-6398","Flowers"
"1033",21,"Jazmine",10029,"718-605-9088","Foley"
"299",22,"Hadassah",11377,"917-823-9292","Abbott"
"78",23,"Jocelynn",11105,"718-722-6313","Buck"
"233",24,"Zaniyah",11103,"718-604-7729","Case"
"170",25,"Khalil",11419,"917-361-9803","Medina"
"361",26,"Jaylan",10123,"212-403-5255","Martin"
"74",27,"Aaden",11233,"212-683-8794","Lowe"
"663",28,"Tristin",10467,"212-510-3235","Barron"
"158",29,"Alexander",10278,"917-261-3926","Cantu"
"51",30,"Alexus",10473,"646-223-6544","Crosby"
"346",31,"Jazmin",11237,"718-294-7531","Schmidt"
"66",32,"Reese",11208,"212-614-7981","Roth"
"214",33,"Presley",11357,"646-358-6884","Padilla"
"545",34,"Adrianna",10032,"646-544-5915","Duncan"
"145",35,"Amari",10010,"212-525-3571","Parker"
"180",36,"Kendrick",11434,"917-650-7989","Floyd"
"41",37,"Grace",10158,"646-524-8955","Rowe"
"622",38,"Dawson",11362,"917-560-5580","Rios"
"136",39,"Damaris",11436,"646-662-5349","Crosby"
"87",40,"King",11367,"347-823-6645","Rose"
"397",41,"Ryleigh",10302,"917-766-5604","Wilkins"
"23",42,"Stanley",10314,"212-775-3412","Townsend"
"37",43,"Rodney",10158,"646-519-3002","Stafford"
"725",44,"Ciara",10010,"917-738-7813","Nunez"
"18",45,"Omari",11691,"646-516-3070","Rush"
"122",46,"Maurice",10471,"212-470-2697","Tran"
"187",47,"Brayan",11239,"347-766-3697","Owens"
"159",48,"Jaylen",10464,"212-432-9911","Smith"
"81",49,"Selina",10035,"718-511-4170","Nelson"
"589",50,"Susan",10128,"212-748-5980","Matthews"
"951",51,"Derek",11362,"347-716-1227","Oliver"
"279",52,"Jaycee",10014,"347-368-1526","England"
"728",53,"Eve",11372,"917-719-1929","Lindsey"
"46",54,"Jayson",11210,"718-708-3598","Bullock"
"75",55,"Amy",11375,"646-804-4663","Jarvis"
"178",56,"Immanuel",11234,"212-671-1389","Joyce"
"50",57,"Lia",10451,"347-270-4389","Harrell"
"98",58,"Mitchell",11362,"718-796-7350","Lloyd"
"83",59,"Desiree",11432,"646-270-2996","Melton"
"350",60,"Evie",11360,"347-379-6271","Beasley"
"17",61,"Rylie",10167,"917-745-5684","Ayala"
"322",62,"Ansley",10173,"917-353-7715","Henson"
"21",63,"Quentin",11207,"347-625-6847","Randolph"
"192",64,"Miles",10465,"646-336-1902","Burton"
"59",65,"Isaias",10471,"212-716-6333","Moon"
"16",66,"Yaritza",11234,"718-746-4988","Andrews"
"168",67,"Danny",10309,"917-280-8507","Gray"
"507",68,"Autumn",11366,"917-355-7377","Burnett"
"674",69,"Sarah",11417,"917-811-9147","Velazquez"
"58",70,"Terrance",10154,"347-642-8572","Forbes"
"462",71,"Lucy",10024,"917-661-5442","Baldwin"
"219",72,"Deja",10307,"212-411-1820","Lindsey"
"688",73,"Colby",10007,"646-772-2257","Atkinson"
"165",74,"Zackary",10279,"917-593-3931","Gilliam"
"7",75,"Remington",11693,"917-843-4608","Farrell"
"79",76,"Dixie",10103,"917-586-9422","Cruz"
"489",77,"Yair",10468,"347-774-4501","Edwards"
"57",78,"Octavio",11218,"212-423-2062","Whitehead"
"67",79,"Mariam",11238,"646-292-3920","Bowen"
"142",80,"Nelson",11109,"646-725-6832","Flynn"
"92",81,"Aileen",11210,"917-426-2147","Johnson"
"410",82,"Harry",11370,"917-782-8106","Rogers"
"34",83,"Kamryn",11418,"917-350-9472","Hopper"
"36",84,"Makhi",10451,"917-612-4762","Robles"
"100",85,"Elianna",11230,"212-832-9113","Kaufman"
"70",86,"Jaida",11363,"718-703-2577","Whitney"
"138",87,"Braylon",11241,"347-729-6167","Spence"
"38",88,"Alfonso",11225,"347-656-8233","Gilbert"
"49",89,"Irvin",11363,"212-335-8571","Hinton"
"29",90,"Janiah",11220,"347-346-9229","Kidd"
"8",91,"Pedro",10005,"212-498-6862","Payne"
"208",92,"Adeline",11373,"718-512-2564","Dillon"
"198",93,"Vance",10466,"347-314-5165","Wilcox"
"3",94,"Beau",10013,"646-391-9926","Ware"
"77",95,"Matthias",11411,"347-329-7260","Clemons"
"363",96,"Bailey",10029,"347-840-4080","Jordan"
"238",97,"Reina",11435,"917-817-8225","Hester"
"2",98,"Brenden",10015,"646-812-7298","Rasmussen"
"93",99,"Kyla",11368,"646-352-2431","Shannon"
"188",100,"Branson",10026,"212-780-2467","Ingram"
"80",101,"Anabella",11249,"212-523-6502","Nixon"
"258",102,"Anabelle",11211,"917-728-8694","Wilson"
"245",103,"Fabian",10168,"646-523-3121","Bryan"
"220",104,"Dillon",10118,"212-629-8042","Roberson"
"13",105,"Porter",11385,"718-483-5325","Parks"
"60",106,"Briley",11360,"646-234-2097","Estrada"
"648",107,"Elliana",10174,"917-830-8782","Pratt"
"481",108,"Adeline",10111,"718-703-9796","Dickerson"
"473",109,"Jordan",10048,"917-284-9436","Scott"
"137",110,"Kade",10014,"917-336-9522","Hood"
"120",111,"Belen",11237,"917-302-6036","Hess"
"600",112,"Mekhi",11101,"646-537-5741","Ramos"
"99",113,"Regina",11209,"646-614-1481","Brewer"
"132",114,"Bradley",10456,"646-587-3973","Sims"
"224",115,"Mathew",11694,"646-614-8165","Harrison"
"40",116,"Dylan",10468,"646-576-9372","Clark"
"317",117,"Aliza",11697,"917-380-2950","Foreman"
"618",118,"Kenley",10028,"212-705-8822","Hunt"
"43",119,"Tatiana",10451,"718-457-2953","Davidson"
"820",120,"Kiana",11428,"347-248-5713","Maddox"
"516",121,"Jazmyn",11414,"917-364-9971","Livingston"
"876",122,"Ismael",10041,"212-439-5421","Washington"
"292",123,"Moses",10015,"917-682-3372","Ingram"
"227",124,"Cody",10005,"347-570-3346","Leach"
"119",125,"Lacey",11411,"917-605-3899","Spencer"
"406",126,"Serena",11363,"718-380-2477","Peters"
"1",127,"Alexia",11422,"718-534-2403","Rasmussen"
"756",128,"Conner",11204,"646-775-3686","Hinton"
"372",129,"Deven",11693,"646-246-7524","Graham"
"1006",130,"Kyle",10010,"917-338-6372","Garner"
"30",131,"Desmond",10122,"917-785-7273","Knowles"
"153",132,"Jayda",11105,"718-658-3906","Crawford"
"76",133,"Katherine",11216,"347-589-7132","Turner"
"109",134,"Karli",11356,"917-716-1314","Henson"
"24",135,"Lena",11361,"212-340-5502","Rivera"
"22",136,"Deborah",10302,"718-408-4184","Lamb"
"191",137,"Amya",11422,"347-350-9310","Walton"
"256",138,"Kyleigh",10309,"718-550-6560","Franks"
"6",139,"Quinten",10016,"917-687-2256","Hubbard"
"243",140,"Skylar",10162,"212-592-7909","Buck"
"267",141,"Vanessa",10026,"212-569-4823","Mcmahon"
"31",142,"Harrison",10112,"718-245-5292","Duke"
"301",143,"Jasiah",10468,"347-479-2352","Kirkland"
"162",144,"Donna",11421,"917-617-3764","Gallegos"
"461",145,"Giuliana",11373,"917-657-9916","Miles"
"324",146,"Brett",10303,"347-524-8554","Wilkinson"
"610",147,"Conor",11203,"347-518-5638","Weiss"
"48",148,"Holden",10118,"212-722-7454","Fowler"
"295",149,"Savanah",10281,"917-687-6671","Forbes"
"171",150,"Kaleigh",11422,"718-823-7799","Gaines"
"44",151,"Kaiya",10457,"347-829-1136","Hull"
"9",152,"Elianna",10308,"646-819-2778","Medina"
"223",153,"Leland",11109,"212-793-5299","Hunter"
"86",154,"Landyn",10166,"347-320-2243","Pitts"
"53",155,"Leia",11362,"347-373-6302","Schroeder"
"5",156,"Jacoby",10045,"917-808-6186","Cook"
"118",157,"Valentino",11208,"212-745-3651","Ford"
"33",158,"Alessandro",11209,"917-647-6620","Casey"
"64",159,"Mireya",10110,"718-496-7026","Woodard"
"97",160,"Raegan",10280,"646-813-3328","Cantrell"
"400",161,"Peyton",11216,"646-619-7420","Pace"
"935",162,"Stella",10161,"646-404-6826","Leon"
"14",163,"Donavan",11224,"718-543-2608","Ingram"
"11",164,"Rebekah",10155,"212-700-7304","Beard"
"82",165,"Cannon",11420,"646-605-8063","Berg"
"420",166,"Rihanna",11204,"212-560-3413","Guthrie"
"230",167,"Neveah",10019,"646-527-1224","Reynolds"
"61",168,"Kierra",11101,"718-451-2157","Holmes"
"745",169,"Eduardo",10453,"646-595-2549","Jimenez"
"173",170,"Skylar",10469,"212-827-7355","Whitfield"
"200",171,"Savanah",11379,"212-358-3769","Fernandez"
"538",172,"Fernando",10031,"917-669-3112","Rosa"
"140",173,"Rebekah",11434,"646-826-7098","Best"
"15",174,"Charles",11220,"347-312-4725","McCoy"
"19",175,"Bridger",11374,"718-792-7253","Stephenson"
"166",176,"Alison",10165,"917-265-9366","Mays"
"25",177,"Aaliyah",10169,"646-354-5674","Stephenson"
"468",178,"Maximilian",11217,"212-772-6202","Morales"
"42",179,"Carleigh",10021,"646-573-3267","Manning"
"113",180,"Charlie",10473,"212-321-1690","Herring"
"91",181,"Jakobe",10451,"917-728-8534","Miller"
"105",182,"Kassidy",10039,"718-660-6567","Good"
"429",183,"Londyn",10470,"917-278-4443","Bentley"
"329",184,"Hallie",10107,"646-463-4607","Casey"
"240",185,"Malia",10128,"917-338-2937","Bridges"
"26",186,"Quintin",11413,"917-363-2471","McConnell"
"913",187,"Krista",11217,"917-631-6768","Emerson"
"373",188,"Makenna",10172,"212-533-9260","Joseph"
"35",189,"Jasmin",10028,"718-377-3801","Guzman"
"39",190,"Kaylee",11224,"646-799-3731","Richmond"
"151",191,"Kai",11211,"212-522-5661","Sparks"
"55",192,"Jayden",10037,"347-356-9081","Whitfield"
"466",193,"Savanna",10069,"646-733-3847","Oneil"
"293",194,"Kymani",10463,"718-351-9427","Beck"
"185",195,"Darius",10459,"917-444-3708","Travis"
